{
    "name": "LiquidCrystal",
    "id": 136,
    "keywords": "lcd, hd44780",
    "description": "LiquidCrystal Library is faster and extensible, compatible with the original LiquidCrystal library",
    "authors": {
        "name": "F Malpartida",
        "url": "https://bitbucket.org/fmalpartida"
    },
    "repository":
    {
      "type": "git",
      "url": "https://github.com/fmalpartida/New-LiquidCrystal"
    },
    "version": "1.5.1",
    "exclude": ["def", "thirdparty libraries", "utility/docs", "doxygen*"],
    "frameworks": "arduino",
    "platforms": "*"
}
